\c wildlife

INSERT INTO CUSTOMER VALUES('MYS01','srinidhi','s','srinidhisrinivas36@gmail.com','5th cross khb colony Davangere','1234567890');
INSERT INTO CUSTOMER VALUES('MYS02','shailu','s','sasri6@gmail.com','5th cross khb colony Davangere','1223567890');
INSERT INTO CUSTOMER VALUES('MYS03','krishna','nand','rarar123@gmail.com','avenue road Banglore','1234567990');
INSERT INTO CUSTOMER VALUES('MYS04','Janaki','nand','radhar123@gmail.com','MG road Banglore','1234567090');
INSERT INTO CUSTOMER VALUES('KOL01','Shiv','Coulson','shishwaz123@gmail.com','MG road Banglore','1234567090');
INSERT INTO CUSTOMER VALUES('KOL02','Thomas','Satty','roghferyfuir123@gmail.com','MG road Banglore','1234567090');
INSERT INTO CUSTOMER VALUES('BAN01','Robert','Downey Jr','iyfdgew123@gmail.com','MG road Banglore','1234567090');

INSERT INTO ZOO VALUES('MYS1',8,'MYSORE ZOO','PJ ROAD MYSORE', '9876782234');
INSERT INTO ZOO VALUES('KOL1',9,'Alipore Zoological Gardens Kolkota','PJ ROAD KOLKOTA', '8876782930');
INSERT INTO ZOO VALUES('BAN1',8,'Bannerghatta National Park','Bannerghatta National Park Banglore', '9176486534');

INSERT INTO EMPLOYEE VALUES('1234567980','MYS1','Smith','Eve',2323456754,20000);
INSERT INTO EMPLOYEE VALUES('1234767980','MYS1','mith','Ivery',2323456854,25000);
INSERT INTO EMPLOYEE VALUES('1234967980','KOL1','shubh','modi',2323456724,30000);
INSERT INTO EMPLOYEE VALUES('1234367980','KOL1','Shiv','shodh',2323456714,29000);
INSERT INTO EMPLOYEE VALUES('1234067980','BAN1','Ardik','Eve',2323451754,25000);
INSERT INTO EMPLOYEE VALUES('1234197980','BAN1','Abdul','Rehman',2321456754,25000);

INSERT INTO TICKET VALUES(12034,'MYS01',100,'12-09-2020');
INSERT INTO TICKET VALUES(12035,'MYS02',100,'14-09-2020');
INSERT INTO TICKET VALUES(12036,'MYS03',75,'13-08-2020');
INSERT INTO TICKET VALUES(12037,'KOL01',125,'12-04-2020');
INSERT INTO TICKET VALUES(12045,'BAN01',100,'14-09-2020');
INSERT INTO TICKET VALUES(12056,'KOL02',100,'13-08-2020');
INSERT INTO TICKET VALUES(12027,'MYS04',100,'12-04-2020');

INSERT INTO ANIMAL VALUES('ELE1','F',23,'11:30:00');
INSERT INTO ANIMAL VALUES('ELE2','F',33,'09:30:00');
INSERT INTO ANIMAL VALUES('ELE3','M',13,'09:00:00');
INSERT INTO ANIMAL VALUES('ELE4','F',43,'09:30:00');
INSERT INTO ANIMAL VALUES('LIO1','F',53,'11:30:00');
INSERT INTO ANIMAL VALUES('LIO2','F',12,'09:30:00');
INSERT INTO ANIMAL VALUES('LIO3','F',53,'11:30:00');
INSERT INTO ANIMAL VALUES('LIO4','F',12,'09:30:00');
INSERT INTO ANIMAL VALUES('GIR3','M',22,'09:00:00');
INSERT INTO ANIMAL VALUES('GIR4','F',28,'09:30:00');
INSERT INTO ANIMAL VALUES('GIR5','M',22,'09:00:00');
INSERT INTO ANIMAL VALUES('GIR6','F',28,'09:30:00');
INSERT INTO ANIMAL VALUES('GIR7','M',22,'09:00:00');
INSERT INTO ANIMAL VALUES('GIR8','F',28,'09:30:00');

INSERT INTO ANIMAL_GUIDE VALUES('MYSOREZOO18','Zoos are primarily dry facilities where animals are confined within enclosures and displayed to the public, and in which they may also be bred ','2017');
INSERT INTO ANIMAL_GUIDE VALUES('BNGLREZOO16','Zoos are primarily dry facilities where animals are confined within enclosures and displayed to the public, and in which they may also be bred','2017');
INSERT INTO ANIMAL_GUIDE VALUES('KOLKTAZOO17','Zoos are primarily dry facilities where animals are confined within enclosures and displayed to the public, and in which they may also be bred');

INSERT INTO ANIMAL_KIND VALUES(1000,'Elephant park', 'Asian Elephant', 'Elephants are the largest living terrestrial animals. African bush elephants are the largest species, with males being 304–336 cm (10 ft 0 in–11 ft 0 in) tall at the shoulder with a body mass of 5.2–6.9 t (5.7–7.6 short tons) and females standing 247–273 cm (8 ft 1 in–8 ft 11 in) tall at the shoulder with a body mass of 2.6–3.5 t (2.9–3.9 short tons). ','leaves,rice,banana,jaggery',10);
INSERT INTO ANIMAL_KIND VALUES(1010,'zoological park', 'African Lion', 'The lion is a muscular, deep-chested cat with a short, rounded head, a reduced neck and round ears. Its fur varies in colour from light buff to silvery grey, yellowish red and dark brown. The colours of the underparts are generally lighter. A new-born lion has dark spots, which fade as the cub reaches adulthood, although faint spots often may still be seen on the legs and underparts. ','meat',15);
INSERT INTO ANIMAL_KIND VALUES(1020,'Elephant park', 'Giraffe', 'The giraffe is an African artiodactyl mammal, the tallest living terrestrial animal and the largest ruminant. It is traditionally considered to be one species, Giraffa camelopardalis, with nine subspecies.','leaves',9);

INSERT INTO ANIMAL_DETAIL VALUES('EL01',400,378,30);
INSERT INTO ANIMAL_DETAIL VALUES('EL02',500,378,50);
INSERT INTO ANIMAL_DETAIL VALUES('EL03',470,378,39);
INSERT INTO ANIMAL_DETAIL VALUES('EL04',300,178,39);
INSERT INTO ANIMAL_DETAIL VALUES('LI01',98,78,20);
INSERT INTO ANIMAL_DETAIL VALUES('LI02',100,378,33);
INSERT INTO ANIMAL_DETAIL VALUES('LI03',98,78,20);
INSERT INTO ANIMAL_DETAIL VALUES('LI04',104,178,30);
INSERT INTO ANIMAL_DETAIL VALUES('GR01',900,278,40);
INSERT INTO ANIMAL_DETAIL VALUES('GR02',840,308,20);
INSERT INTO ANIMAL_DETAIL VALUES('GR03',900,278,40);
INSERT INTO ANIMAL_DETAIL VALUES('GR04',840,108,10);
INSERT INTO ANIMAL_DETAIL VALUES('GR05',900,278,23);
INSERT INTO ANIMAL_DETAIL VALUES('GR06',840,308,26);

INSERT INTO DETAIL_FOR_ANIMAL VALUES('EL01','ELE1');
INSERT INTO DETAIL_FOR_ANIMAL VALUES('EL02','ELE2');
INSERT INTO DETAIL_FOR_ANIMAL VALUES('EL03','ELE3');
INSERT INTO DETAIL_FOR_ANIMAL VALUES('EL04','ELE4');
INSERT INTO DETAIL_FOR_ANIMAL VALUES('LI01','LIO1');
INSERT INTO DETAIL_FOR_ANIMAL VALUES('LI02','LIO2');
INSERT INTO DETAIL_FOR_ANIMAL VALUES('LI03','LIO3');
INSERT INTO DETAIL_FOR_ANIMAL VALUES('LI04','LIO4');
INSERT INTO DETAIL_FOR_ANIMAL VALUES('GR01','GIR3');
INSERT INTO DETAIL_FOR_ANIMAL VALUES('GR02','GIR4');
INSERT INTO DETAIL_FOR_ANIMAL VALUES('GR03','GIR5');
INSERT INTO DETAIL_FOR_ANIMAL VALUES('GR04','GIR6');
INSERT INTO DETAIL_FOR_ANIMAL VALUES('GR05','GIR7');
INSERT INTO DETAIL_FOR_ANIMAL VALUES('GR06','GIR8');

INSERT INTO ZOO_GUIDE VALUES ('MYS1','MYSOREZOO18');
INSERT INTO ZOO_GUIDE VALUES ('KOL1','KOLKTAZOO17');
INSERT INTO ZOO_GUIDE VALUES ('BAN1','BNGLREZOO16');

INSERT INTO ANIMALS_AND_ITS_KIND VALUES('ELE1',1000);
INSERT INTO ANIMALS_AND_ITS_KIND VALUES('ELE2',1000);
INSERT INTO ANIMALS_AND_ITS_KIND VALUES('ELE3',1000);
INSERT INTO ANIMALS_AND_ITS_KIND VALUES('ELE4',1000);
INSERT INTO ANIMALS_AND_ITS_KIND VALUES('LIO1',1010);
INSERT INTO ANIMALS_AND_ITS_KIND VALUES('LIO2',1010);
INSERT INTO ANIMALS_AND_ITS_KIND VALUES('LIO3',1010);
INSERT INTO ANIMALS_AND_ITS_KIND VALUES('LIO4',1010);
INSERT INTO ANIMALS_AND_ITS_KIND VALUES('GIR3',1020);
INSERT INTO ANIMALS_AND_ITS_KIND VALUES('GIR4',1020);
INSERT INTO ANIMALS_AND_ITS_KIND VALUES('GIR5',1020);
INSERT INTO ANIMALS_AND_ITS_KIND VALUES('GIR6',1020);
INSERT INTO ANIMALS_AND_ITS_KIND VALUES('GIR7',1020);
INSERT INTO ANIMALS_AND_ITS_KIND VALUES('GIR8',1020);

INSERT INTO LOOK_AFTER VALUES('ELE1','1234567980');
INSERT INTO LOOK_AFTER VALUES('ELE2','1234567980');
INSERT INTO LOOK_AFTER VALUES('ELE3','1234567980');
INSERT INTO LOOK_AFTER VALUES('ELE4','1234567980');
INSERT INTO LOOK_AFTER VALUES('LIO1','1234767980');
INSERT INTO LOOK_AFTER VALUES('LIO2','1234767980');
INSERT INTO LOOK_AFTER VALUES('LIO3','1234767980');
INSERT INTO LOOK_AFTER VALUES('LIO4','1234767980');
INSERT INTO LOOK_AFTER VALUES('GIR3','1234567980');
INSERT INTO LOOK_AFTER VALUES('GIR4','1234767980');
INSERT INTO LOOK_AFTER VALUES('GIR5','1234967980');
INSERT INTO LOOK_AFTER VALUES('GIR6','1234967980');
INSERT INTO LOOK_AFTER VALUES('GIR7','1234967980');
INSERT INTO LOOK_AFTER VALUES('GIR8','1234967980');

INSERT INTO GOES_TO VALUES('MYS01','MYS1');
INSERT INTO GOES_TO VALUES('MYS02','MYS1');
INSERT INTO GOES_TO VALUES('MYS03','MYS1');
INSERT INTO GOES_TO VALUES('MYS04','MYS1');
INSERT INTO GOES_TO VALUES('KOL01','KOL1');
INSERT INTO GOES_TO VALUES('KOL02','KOL1');
INSERT INTO GOES_TO VALUES('BAN01','BAN1');
INSERT INTO GOES_TO VALUES('MYS01','BAN1');
INSERT INTO GOES_TO VALUES('BAN01','MYS1');

INSERT INTO MANAGES VALUES('1234367980',12034);
INSERT INTO MANAGES VALUES('1234367980',12035);
INSERT INTO MANAGES VALUES('1234367980',12036);
INSERT INTO MANAGES VALUES('1234067980',12037);
INSERT INTO MANAGES VALUES('1234067980',12045);
INSERT INTO MANAGES VALUES('1234197980',12056);
INSERT INTO MANAGES VALUES('1234197980',12027);

INSERT INTO CONSISTS VALUES('MYSOREZOO18',1000);
INSERT INTO CONSISTS VALUES('MYSOREZOO18',1010);
INSERT INTO CONSISTS VALUES('MYSOREZOO18',1020);
INSERT INTO CONSISTS VALUES('BNGLREZOO16',1000);
INSERT INTO CONSISTS VALUES('BNGLREZOO16',1010);
INSERT INTO CONSISTS VALUES('BNGLREZOO16',1020);
INSERT INTO CONSISTS VALUES('KOLKTAZOO17',1000);
INSERT INTO CONSISTS VALUES('KOLKTAZOO17',1010);
INSERT INTO CONSISTS VALUES('KOLKTAZOO17',1020);

SELECT * FROM CUSTOMER;
SELECT * FROM ZOO;
SELECT * FROM EMPLOYEE;
SELECT * FROM TICKET;
SELECT * FROM ANIMAL;
SELECT * FROM ANIMAL_GUIDE;
SELECT * FROM ANIMAL_KIND;
SELECT * FROM ANIMAL_DETAIL;
SELECT * FROM ZOO_GUIDE;
SELECT * FROM ANIMALS_AND_ITS_KIND;
SELECT * FROM DETAIL_FOR_ANIMAL;
SELECT * FROM LOOK_AFTER;
SELECT * FROM GOES_TO;
SELECT * FROM MANAGES;
SELECT * FROM CONSISTS;